<application>
  <component name="AndroidLogcatFilterHistory">
    <option name="mostRecentlyUsed" value="LabelImageView" />
    <option name="nonFavorites">
      <list>
        <option value="LabelImageView" />
        <option value="package:mine " />
        <option value="OSColorHel" />
        <option value="OSViewStateHelper" />
        <option value="OSTextView" />
        <option value="OSTextViewActivity" />
        <option value="space.syncore.commonui.widget.OSTextView" />
        <option value="package:space.syncore.commonui" />
        <option value="package:space.syncore.commonui.widget" />
        <option value="package:space.syncore.commonui " />
      </list>
    </option>
  </component>
</application>