<application>
  <component name="AwesomeEditor">
    <option name="configs">
      <list>
        <BackgroundConfiguration>
          <option name="fileNames">
            <array>
              <option value="C:\Users\nexa1\Pictures\白厄.jpg" />
            </array>
          </option>
          <option name="opacity" value="0.05" />
          <option name="position" value="POSITION_TOP_MIDDLE" />
        </BackgroundConfiguration>
        <BackgroundConfiguration>
          <option name="fileNames">
            <array>
              <option value="C:\Users\nexa1\Pictures\白厄.jpg" />
            </array>
          </option>
          <option name="name" value="phinon" />
          <option name="opacity" value="0.05" />
          <option name="position" value="POSITION_TOP_MIDDLE" />
        </BackgroundConfiguration>
      </list>
    </option>
  </component>
</application>