<application>
  <component name="ProjectJdkTable">
    <jdk version="2">
      <name value="Android API 36.0, extension level 17 Platform" />
      <type value="Android SDK" />
      <homePath value="D:/AndroidSDKS" />
      <roots>
        <annotationsPath>
          <root type="composite">
            <root url="jar://D:/AndroidSDKS/platforms/android-36/data/annotations.zip!/" type="simple" />
          </root>
        </annotationsPath>
        <classPath>
          <root type="composite">
            <root url="jar://D:/AndroidSDKS/platforms/android-36/android.jar!/" type="simple" />
            <root url="file://D:/AndroidSDKS/platforms/android-36/data/res" type="simple" />
          </root>
        </classPath>
        <javadocPath>
          <root type="composite" />
        </javadocPath>
        <sourcePath>
          <root type="composite">
            <root url="file://D:/AndroidSDKS/sources/android-36" type="simple" />
          </root>
        </sourcePath>
      </roots>
      <additional sdk="android-36" />
    </jdk>
    <jdk version="2">
      <name value="jbr-21" />
      <type value="JavaSDK" />
      <version value="JetBrains Runtime 21.0.8" />
      <homePath value="$APPLICATION_HOME_DIR$/jbr" />
      <roots>
        <annotationsPath>
          <root type="composite">
            <root url="jar://$APPLICATION_HOME_DIR$/plugins/java/lib/resources/jdkAnnotations.jar!/" type="simple" />
          </root>
        </annotationsPath>
        <classPath>
          <root type="composite">
            <root url="jrt://$APPLICATION_HOME_DIR$/jbr!/java.base" type="simple" />
            <root url="jrt://$APPLICATION_HOME_DIR$/jbr!/java.compiler" type="simple" />
            <root url="jrt://$APPLICATION_HOME_DIR$/jbr!/java.datatransfer" type="simple" />
            <root url="jrt://$APPLICATION_HOME_DIR$/jbr!/java.desktop" type="simple" />
            <root url="jrt://$APPLICATION_HOME_DIR$/jbr!/java.instrument" type="simple" />
            <root url="jrt://$APPLICATION_HOME_DIR$/jbr!/java.logging" type="simple" />
            <root url="jrt://$APPLICATION_HOME_DIR$/jbr!/java.management" type="simple" />
            <root url="jrt://$APPLICATION_HOME_DIR$/jbr!/java.management.rmi" type="simple" />
            <root url="jrt://$APPLICATION_HOME_DIR$/jbr!/java.naming" type="simple" />
            <root url="jrt://$APPLICATION_HOME_DIR$/jbr!/java.net.http" type="simple" />
            <root url="jrt://$APPLICATION_HOME_DIR$/jbr!/java.prefs" type="simple" />
            <root url="jrt://$APPLICATION_HOME_DIR$/jbr!/java.rmi" type="simple" />
            <root url="jrt://$APPLICATION_HOME_DIR$/jbr!/java.scripting" type="simple" />
            <root url="jrt://$APPLICATION_HOME_DIR$/jbr!/java.se" type="simple" />
            <root url="jrt://$APPLICATION_HOME_DIR$/jbr!/java.security.jgss" type="simple" />
            <root url="jrt://$APPLICATION_HOME_DIR$/jbr!/java.security.sasl" type="simple" />
            <root url="jrt://$APPLICATION_HOME_DIR$/jbr!/java.smartcardio" type="simple" />
            <root url="jrt://$APPLICATION_HOME_DIR$/jbr!/java.sql" type="simple" />
            <root url="jrt://$APPLICATION_HOME_DIR$/jbr!/java.sql.rowset" type="simple" />
            <root url="jrt://$APPLICATION_HOME_DIR$/jbr!/java.transaction.xa" type="simple" />
            <root url="jrt://$APPLICATION_HOME_DIR$/jbr!/java.xml" type="simple" />
            <root url="jrt://$APPLICATION_HOME_DIR$/jbr!/java.xml.crypto" type="simple" />
            <root url="jrt://$APPLICATION_HOME_DIR$/jbr!/jdk.accessibility" type="simple" />
            <root url="jrt://$APPLICATION_HOME_DIR$/jbr!/jdk.attach" type="simple" />
            <root url="jrt://$APPLICATION_HOME_DIR$/jbr!/jdk.charsets" type="simple" />
            <root url="jrt://$APPLICATION_HOME_DIR$/jbr!/jdk.compiler" type="simple" />
            <root url="jrt://$APPLICATION_HOME_DIR$/jbr!/jdk.crypto.cryptoki" type="simple" />
            <root url="jrt://$APPLICATION_HOME_DIR$/jbr!/jdk.crypto.ec" type="simple" />
            <root url="jrt://$APPLICATION_HOME_DIR$/jbr!/jdk.dynalink" type="simple" />
            <root url="jrt://$APPLICATION_HOME_DIR$/jbr!/jdk.hotspot.agent" type="simple" />
            <root url="jrt://$APPLICATION_HOME_DIR$/jbr!/jdk.httpserver" type="simple" />
            <root url="jrt://$APPLICATION_HOME_DIR$/jbr!/jdk.internal.ed" type="simple" />
            <root url="jrt://$APPLICATION_HOME_DIR$/jbr!/jdk.internal.jvmstat" type="simple" />
            <root url="jrt://$APPLICATION_HOME_DIR$/jbr!/jdk.internal.le" type="simple" />
            <root url="jrt://$APPLICATION_HOME_DIR$/jbr!/jdk.internal.opt" type="simple" />
            <root url="jrt://$APPLICATION_HOME_DIR$/jbr!/jdk.internal.vm.ci" type="simple" />
            <root url="jrt://$APPLICATION_HOME_DIR$/jbr!/jdk.jartool" type="simple" />
            <root url="jrt://$APPLICATION_HOME_DIR$/jbr!/jdk.javadoc" type="simple" />
            <root url="jrt://$APPLICATION_HOME_DIR$/jbr!/jdk.jcmd" type="simple" />
            <root url="jrt://$APPLICATION_HOME_DIR$/jbr!/jdk.jdeps" type="simple" />
            <root url="jrt://$APPLICATION_HOME_DIR$/jbr!/jdk.jdi" type="simple" />
            <root url="jrt://$APPLICATION_HOME_DIR$/jbr!/jdk.jdwp.agent" type="simple" />
            <root url="jrt://$APPLICATION_HOME_DIR$/jbr!/jdk.jfr" type="simple" />
            <root url="jrt://$APPLICATION_HOME_DIR$/jbr!/jdk.jlink" type="simple" />
            <root url="jrt://$APPLICATION_HOME_DIR$/jbr!/jdk.jsobject" type="simple" />
            <root url="jrt://$APPLICATION_HOME_DIR$/jbr!/jdk.localedata" type="simple" />
            <root url="jrt://$APPLICATION_HOME_DIR$/jbr!/jdk.management" type="simple" />
            <root url="jrt://$APPLICATION_HOME_DIR$/jbr!/jdk.management.agent" type="simple" />
            <root url="jrt://$APPLICATION_HOME_DIR$/jbr!/jdk.management.jfr" type="simple" />
            <root url="jrt://$APPLICATION_HOME_DIR$/jbr!/jdk.naming.dns" type="simple" />
            <root url="jrt://$APPLICATION_HOME_DIR$/jbr!/jdk.naming.rmi" type="simple" />
            <root url="jrt://$APPLICATION_HOME_DIR$/jbr!/jdk.net" type="simple" />
            <root url="jrt://$APPLICATION_HOME_DIR$/jbr!/jdk.sctp" type="simple" />
            <root url="jrt://$APPLICATION_HOME_DIR$/jbr!/jdk.security.auth" type="simple" />
            <root url="jrt://$APPLICATION_HOME_DIR$/jbr!/jdk.security.jgss" type="simple" />
            <root url="jrt://$APPLICATION_HOME_DIR$/jbr!/jdk.unsupported" type="simple" />
            <root url="jrt://$APPLICATION_HOME_DIR$/jbr!/jdk.unsupported.desktop" type="simple" />
            <root url="jrt://$APPLICATION_HOME_DIR$/jbr!/jdk.xml.dom" type="simple" />
            <root url="jrt://$APPLICATION_HOME_DIR$/jbr!/jdk.zipfs" type="simple" />
          </root>
        </classPath>
        <javadocPath>
          <root type="composite">
            <root url="https://docs.oracle.com/en/java/javase/21/docs/api/" type="simple" />
          </root>
        </javadocPath>
        <sourcePath>
          <root type="composite" />
        </sourcePath>
      </roots>
    </jdk>
    <jdk version="2">
      <name value="11" />
      <type value="JavaSDK" />
      <version value="Oracle OpenJDK 11" />
      <homePath value="D:/JavaJdks/jdk-11-oracle-x64" />
      <roots>
        <annotationsPath>
          <root type="composite">
            <root url="jar://$APPLICATION_HOME_DIR$/plugins/java/lib/resources/jdkAnnotations.jar!/" type="simple" />
          </root>
        </annotationsPath>
        <classPath>
          <root type="composite">
            <root url="jrt://D:/JavaJdks/jdk-11-oracle-x64!/java.base" type="simple" />
            <root url="jrt://D:/JavaJdks/jdk-11-oracle-x64!/java.compiler" type="simple" />
            <root url="jrt://D:/JavaJdks/jdk-11-oracle-x64!/java.datatransfer" type="simple" />
            <root url="jrt://D:/JavaJdks/jdk-11-oracle-x64!/java.desktop" type="simple" />
            <root url="jrt://D:/JavaJdks/jdk-11-oracle-x64!/java.instrument" type="simple" />
            <root url="jrt://D:/JavaJdks/jdk-11-oracle-x64!/java.logging" type="simple" />
            <root url="jrt://D:/JavaJdks/jdk-11-oracle-x64!/java.management" type="simple" />
            <root url="jrt://D:/JavaJdks/jdk-11-oracle-x64!/java.management.rmi" type="simple" />
            <root url="jrt://D:/JavaJdks/jdk-11-oracle-x64!/java.naming" type="simple" />
            <root url="jrt://D:/JavaJdks/jdk-11-oracle-x64!/java.net.http" type="simple" />
            <root url="jrt://D:/JavaJdks/jdk-11-oracle-x64!/java.prefs" type="simple" />
            <root url="jrt://D:/JavaJdks/jdk-11-oracle-x64!/java.rmi" type="simple" />
            <root url="jrt://D:/JavaJdks/jdk-11-oracle-x64!/java.scripting" type="simple" />
            <root url="jrt://D:/JavaJdks/jdk-11-oracle-x64!/java.se" type="simple" />
            <root url="jrt://D:/JavaJdks/jdk-11-oracle-x64!/java.security.jgss" type="simple" />
            <root url="jrt://D:/JavaJdks/jdk-11-oracle-x64!/java.security.sasl" type="simple" />
            <root url="jrt://D:/JavaJdks/jdk-11-oracle-x64!/java.smartcardio" type="simple" />
            <root url="jrt://D:/JavaJdks/jdk-11-oracle-x64!/java.sql" type="simple" />
            <root url="jrt://D:/JavaJdks/jdk-11-oracle-x64!/java.sql.rowset" type="simple" />
            <root url="jrt://D:/JavaJdks/jdk-11-oracle-x64!/java.transaction.xa" type="simple" />
            <root url="jrt://D:/JavaJdks/jdk-11-oracle-x64!/java.xml" type="simple" />
            <root url="jrt://D:/JavaJdks/jdk-11-oracle-x64!/java.xml.crypto" type="simple" />
            <root url="jrt://D:/JavaJdks/jdk-11-oracle-x64!/jdk.accessibility" type="simple" />
            <root url="jrt://D:/JavaJdks/jdk-11-oracle-x64!/jdk.aot" type="simple" />
            <root url="jrt://D:/JavaJdks/jdk-11-oracle-x64!/jdk.attach" type="simple" />
            <root url="jrt://D:/JavaJdks/jdk-11-oracle-x64!/jdk.charsets" type="simple" />
            <root url="jrt://D:/JavaJdks/jdk-11-oracle-x64!/jdk.compiler" type="simple" />
            <root url="jrt://D:/JavaJdks/jdk-11-oracle-x64!/jdk.crypto.cryptoki" type="simple" />
            <root url="jrt://D:/JavaJdks/jdk-11-oracle-x64!/jdk.crypto.ec" type="simple" />
            <root url="jrt://D:/JavaJdks/jdk-11-oracle-x64!/jdk.crypto.mscapi" type="simple" />
            <root url="jrt://D:/JavaJdks/jdk-11-oracle-x64!/jdk.dynalink" type="simple" />
            <root url="jrt://D:/JavaJdks/jdk-11-oracle-x64!/jdk.editpad" type="simple" />
            <root url="jrt://D:/JavaJdks/jdk-11-oracle-x64!/jdk.hotspot.agent" type="simple" />
            <root url="jrt://D:/JavaJdks/jdk-11-oracle-x64!/jdk.httpserver" type="simple" />
            <root url="jrt://D:/JavaJdks/jdk-11-oracle-x64!/jdk.internal.ed" type="simple" />
            <root url="jrt://D:/JavaJdks/jdk-11-oracle-x64!/jdk.internal.jvmstat" type="simple" />
            <root url="jrt://D:/JavaJdks/jdk-11-oracle-x64!/jdk.internal.le" type="simple" />
            <root url="jrt://D:/JavaJdks/jdk-11-oracle-x64!/jdk.internal.opt" type="simple" />
            <root url="jrt://D:/JavaJdks/jdk-11-oracle-x64!/jdk.internal.vm.ci" type="simple" />
            <root url="jrt://D:/JavaJdks/jdk-11-oracle-x64!/jdk.internal.vm.compiler" type="simple" />
            <root url="jrt://D:/JavaJdks/jdk-11-oracle-x64!/jdk.internal.vm.compiler.management" type="simple" />
            <root url="jrt://D:/JavaJdks/jdk-11-oracle-x64!/jdk.jartool" type="simple" />
            <root url="jrt://D:/JavaJdks/jdk-11-oracle-x64!/jdk.javadoc" type="simple" />
            <root url="jrt://D:/JavaJdks/jdk-11-oracle-x64!/jdk.jcmd" type="simple" />
            <root url="jrt://D:/JavaJdks/jdk-11-oracle-x64!/jdk.jconsole" type="simple" />
            <root url="jrt://D:/JavaJdks/jdk-11-oracle-x64!/jdk.jdeps" type="simple" />
            <root url="jrt://D:/JavaJdks/jdk-11-oracle-x64!/jdk.jdi" type="simple" />
            <root url="jrt://D:/JavaJdks/jdk-11-oracle-x64!/jdk.jdwp.agent" type="simple" />
            <root url="jrt://D:/JavaJdks/jdk-11-oracle-x64!/jdk.jfr" type="simple" />
            <root url="jrt://D:/JavaJdks/jdk-11-oracle-x64!/jdk.jlink" type="simple" />
            <root url="jrt://D:/JavaJdks/jdk-11-oracle-x64!/jdk.jshell" type="simple" />
            <root url="jrt://D:/JavaJdks/jdk-11-oracle-x64!/jdk.jsobject" type="simple" />
            <root url="jrt://D:/JavaJdks/jdk-11-oracle-x64!/jdk.jstatd" type="simple" />
            <root url="jrt://D:/JavaJdks/jdk-11-oracle-x64!/jdk.localedata" type="simple" />
            <root url="jrt://D:/JavaJdks/jdk-11-oracle-x64!/jdk.management" type="simple" />
            <root url="jrt://D:/JavaJdks/jdk-11-oracle-x64!/jdk.management.agent" type="simple" />
            <root url="jrt://D:/JavaJdks/jdk-11-oracle-x64!/jdk.management.jfr" type="simple" />
            <root url="jrt://D:/JavaJdks/jdk-11-oracle-x64!/jdk.naming.dns" type="simple" />
            <root url="jrt://D:/JavaJdks/jdk-11-oracle-x64!/jdk.naming.rmi" type="simple" />
            <root url="jrt://D:/JavaJdks/jdk-11-oracle-x64!/jdk.net" type="simple" />
            <root url="jrt://D:/JavaJdks/jdk-11-oracle-x64!/jdk.pack" type="simple" />
            <root url="jrt://D:/JavaJdks/jdk-11-oracle-x64!/jdk.rmic" type="simple" />
            <root url="jrt://D:/JavaJdks/jdk-11-oracle-x64!/jdk.scripting.nashorn" type="simple" />
            <root url="jrt://D:/JavaJdks/jdk-11-oracle-x64!/jdk.scripting.nashorn.shell" type="simple" />
            <root url="jrt://D:/JavaJdks/jdk-11-oracle-x64!/jdk.sctp" type="simple" />
            <root url="jrt://D:/JavaJdks/jdk-11-oracle-x64!/jdk.security.auth" type="simple" />
            <root url="jrt://D:/JavaJdks/jdk-11-oracle-x64!/jdk.security.jgss" type="simple" />
            <root url="jrt://D:/JavaJdks/jdk-11-oracle-x64!/jdk.unsupported" type="simple" />
            <root url="jrt://D:/JavaJdks/jdk-11-oracle-x64!/jdk.unsupported.desktop" type="simple" />
            <root url="jrt://D:/JavaJdks/jdk-11-oracle-x64!/jdk.xml.dom" type="simple" />
            <root url="jrt://D:/JavaJdks/jdk-11-oracle-x64!/jdk.zipfs" type="simple" />
          </root>
        </classPath>
        <javadocPath>
          <root type="composite" />
        </javadocPath>
        <sourcePath>
          <root type="composite">
            <root url="jar://D:/JavaJdks/jdk-11-oracle-x64/lib/src.zip!/java.se" type="simple" />
            <root url="jar://D:/JavaJdks/jdk-11-oracle-x64/lib/src.zip!/jdk.aot" type="simple" />
            <root url="jar://D:/JavaJdks/jdk-11-oracle-x64/lib/src.zip!/jdk.jdi" type="simple" />
            <root url="jar://D:/JavaJdks/jdk-11-oracle-x64/lib/src.zip!/jdk.jfr" type="simple" />
            <root url="jar://D:/JavaJdks/jdk-11-oracle-x64/lib/src.zip!/jdk.net" type="simple" />
            <root url="jar://D:/JavaJdks/jdk-11-oracle-x64/lib/src.zip!/java.rmi" type="simple" />
            <root url="jar://D:/JavaJdks/jdk-11-oracle-x64/lib/src.zip!/java.sql" type="simple" />
            <root url="jar://D:/JavaJdks/jdk-11-oracle-x64/lib/src.zip!/java.xml" type="simple" />
            <root url="jar://D:/JavaJdks/jdk-11-oracle-x64/lib/src.zip!/jdk.jcmd" type="simple" />
            <root url="jar://D:/JavaJdks/jdk-11-oracle-x64/lib/src.zip!/jdk.pack" type="simple" />
            <root url="jar://D:/JavaJdks/jdk-11-oracle-x64/lib/src.zip!/jdk.rmic" type="simple" />
            <root url="jar://D:/JavaJdks/jdk-11-oracle-x64/lib/src.zip!/jdk.sctp" type="simple" />
            <root url="jar://D:/JavaJdks/jdk-11-oracle-x64/lib/src.zip!/java.base" type="simple" />
            <root url="jar://D:/JavaJdks/jdk-11-oracle-x64/lib/src.zip!/jdk.jdeps" type="simple" />
            <root url="jar://D:/JavaJdks/jdk-11-oracle-x64/lib/src.zip!/jdk.jlink" type="simple" />
            <root url="jar://D:/JavaJdks/jdk-11-oracle-x64/lib/src.zip!/jdk.zipfs" type="simple" />
            <root url="jar://D:/JavaJdks/jdk-11-oracle-x64/lib/src.zip!/java.prefs" type="simple" />
            <root url="jar://D:/JavaJdks/jdk-11-oracle-x64/lib/src.zip!/jdk.attach" type="simple" />
            <root url="jar://D:/JavaJdks/jdk-11-oracle-x64/lib/src.zip!/jdk.jshell" type="simple" />
            <root url="jar://D:/JavaJdks/jdk-11-oracle-x64/lib/src.zip!/jdk.jstatd" type="simple" />
            <root url="jar://D:/JavaJdks/jdk-11-oracle-x64/lib/src.zip!/java.naming" type="simple" />
            <root url="jar://D:/JavaJdks/jdk-11-oracle-x64/lib/src.zip!/jdk.editpad" type="simple" />
            <root url="jar://D:/JavaJdks/jdk-11-oracle-x64/lib/src.zip!/jdk.jartool" type="simple" />
            <root url="jar://D:/JavaJdks/jdk-11-oracle-x64/lib/src.zip!/jdk.javadoc" type="simple" />
            <root url="jar://D:/JavaJdks/jdk-11-oracle-x64/lib/src.zip!/jdk.xml.dom" type="simple" />
            <root url="jar://D:/JavaJdks/jdk-11-oracle-x64/lib/src.zip!/java.desktop" type="simple" />
            <root url="jar://D:/JavaJdks/jdk-11-oracle-x64/lib/src.zip!/java.logging" type="simple" />
            <root url="jar://D:/JavaJdks/jdk-11-oracle-x64/lib/src.zip!/jdk.charsets" type="simple" />
            <root url="jar://D:/JavaJdks/jdk-11-oracle-x64/lib/src.zip!/jdk.compiler" type="simple" />
            <root url="jar://D:/JavaJdks/jdk-11-oracle-x64/lib/src.zip!/jdk.dynalink" type="simple" />
            <root url="jar://D:/JavaJdks/jdk-11-oracle-x64/lib/src.zip!/jdk.jconsole" type="simple" />
            <root url="jar://D:/JavaJdks/jdk-11-oracle-x64/lib/src.zip!/jdk.jsobject" type="simple" />
            <root url="jar://D:/JavaJdks/jdk-11-oracle-x64/lib/src.zip!/java.compiler" type="simple" />
            <root url="jar://D:/JavaJdks/jdk-11-oracle-x64/lib/src.zip!/java.net.http" type="simple" />
            <root url="jar://D:/JavaJdks/jdk-11-oracle-x64/lib/src.zip!/jdk.crypto.ec" type="simple" />
            <root url="jar://D:/JavaJdks/jdk-11-oracle-x64/lib/src.zip!/java.scripting" type="simple" />
            <root url="jar://D:/JavaJdks/jdk-11-oracle-x64/lib/src.zip!/jdk.httpserver" type="simple" />
            <root url="jar://D:/JavaJdks/jdk-11-oracle-x64/lib/src.zip!/jdk.jdwp.agent" type="simple" />
            <root url="jar://D:/JavaJdks/jdk-11-oracle-x64/lib/src.zip!/jdk.localedata" type="simple" />
            <root url="jar://D:/JavaJdks/jdk-11-oracle-x64/lib/src.zip!/jdk.management" type="simple" />
            <root url="jar://D:/JavaJdks/jdk-11-oracle-x64/lib/src.zip!/jdk.naming.dns" type="simple" />
            <root url="jar://D:/JavaJdks/jdk-11-oracle-x64/lib/src.zip!/jdk.naming.rmi" type="simple" />
            <root url="jar://D:/JavaJdks/jdk-11-oracle-x64/lib/src.zip!/java.instrument" type="simple" />
            <root url="jar://D:/JavaJdks/jdk-11-oracle-x64/lib/src.zip!/java.management" type="simple" />
            <root url="jar://D:/JavaJdks/jdk-11-oracle-x64/lib/src.zip!/java.sql.rowset" type="simple" />
            <root url="jar://D:/JavaJdks/jdk-11-oracle-x64/lib/src.zip!/java.xml.crypto" type="simple" />
            <root url="jar://D:/JavaJdks/jdk-11-oracle-x64/lib/src.zip!/jdk.internal.ed" type="simple" />
            <root url="jar://D:/JavaJdks/jdk-11-oracle-x64/lib/src.zip!/jdk.internal.le" type="simple" />
            <root url="jar://D:/JavaJdks/jdk-11-oracle-x64/lib/src.zip!/jdk.unsupported" type="simple" />
            <root url="jar://D:/JavaJdks/jdk-11-oracle-x64/lib/src.zip!/java.smartcardio" type="simple" />
            <root url="jar://D:/JavaJdks/jdk-11-oracle-x64/lib/src.zip!/jdk.internal.opt" type="simple" />
            <root url="jar://D:/JavaJdks/jdk-11-oracle-x64/lib/src.zip!/java.datatransfer" type="simple" />
            <root url="jar://D:/JavaJdks/jdk-11-oracle-x64/lib/src.zip!/jdk.accessibility" type="simple" />
            <root url="jar://D:/JavaJdks/jdk-11-oracle-x64/lib/src.zip!/jdk.crypto.mscapi" type="simple" />
            <root url="jar://D:/JavaJdks/jdk-11-oracle-x64/lib/src.zip!/jdk.hotspot.agent" type="simple" />
            <root url="jar://D:/JavaJdks/jdk-11-oracle-x64/lib/src.zip!/jdk.security.auth" type="simple" />
            <root url="jar://D:/JavaJdks/jdk-11-oracle-x64/lib/src.zip!/jdk.security.jgss" type="simple" />
            <root url="jar://D:/JavaJdks/jdk-11-oracle-x64/lib/src.zip!/java.security.jgss" type="simple" />
            <root url="jar://D:/JavaJdks/jdk-11-oracle-x64/lib/src.zip!/java.security.sasl" type="simple" />
            <root url="jar://D:/JavaJdks/jdk-11-oracle-x64/lib/src.zip!/jdk.internal.vm.ci" type="simple" />
            <root url="jar://D:/JavaJdks/jdk-11-oracle-x64/lib/src.zip!/jdk.management.jfr" type="simple" />
            <root url="jar://D:/JavaJdks/jdk-11-oracle-x64/lib/src.zip!/java.management.rmi" type="simple" />
            <root url="jar://D:/JavaJdks/jdk-11-oracle-x64/lib/src.zip!/java.transaction.xa" type="simple" />
            <root url="jar://D:/JavaJdks/jdk-11-oracle-x64/lib/src.zip!/jdk.crypto.cryptoki" type="simple" />
            <root url="jar://D:/JavaJdks/jdk-11-oracle-x64/lib/src.zip!/jdk.internal.jvmstat" type="simple" />
            <root url="jar://D:/JavaJdks/jdk-11-oracle-x64/lib/src.zip!/jdk.management.agent" type="simple" />
            <root url="jar://D:/JavaJdks/jdk-11-oracle-x64/lib/src.zip!/jdk.scripting.nashorn" type="simple" />
            <root url="jar://D:/JavaJdks/jdk-11-oracle-x64/lib/src.zip!/jdk.unsupported.desktop" type="simple" />
            <root url="jar://D:/JavaJdks/jdk-11-oracle-x64/lib/src.zip!/jdk.internal.vm.compiler" type="simple" />
            <root url="jar://D:/JavaJdks/jdk-11-oracle-x64/lib/src.zip!/jdk.scripting.nashorn.shell" type="simple" />
            <root url="jar://D:/JavaJdks/jdk-11-oracle-x64/lib/src.zip!/jdk.internal.vm.compiler.management" type="simple" />
          </root>
        </sourcePath>
      </roots>
    </jdk>
    <jdk version="2">
      <name value="Android API 34 Platform" />
      <type value="Android SDK" />
      <homePath value="D:/AndroidSDKS" />
      <roots>
        <annotationsPath>
          <root type="composite">
            <root url="jar://D:/AndroidSDKS/platforms/android-34/data/annotations.zip!/" type="simple" />
          </root>
        </annotationsPath>
        <classPath>
          <root type="composite">
            <root url="jar://D:/AndroidSDKS/platforms/android-34/android.jar!/" type="simple" />
            <root url="file://D:/AndroidSDKS/platforms/android-34/data/res" type="simple" />
          </root>
        </classPath>
        <javadocPath>
          <root type="composite">
            <root url="http://developer.android.com/reference/" type="simple" />
          </root>
        </javadocPath>
        <sourcePath>
          <root type="composite" />
        </sourcePath>
      </roots>
      <additional sdk="android-34" />
    </jdk>
    <jdk version="2">
      <name value="Android API 31 Platform" />
      <type value="Android SDK" />
      <homePath value="D:/AndroidSDKS" />
      <roots>
        <annotationsPath>
          <root type="composite">
            <root url="jar://D:/AndroidSDKS/platforms/android-31/data/annotations.zip!/" type="simple" />
          </root>
        </annotationsPath>
        <classPath>
          <root type="composite">
            <root url="jar://D:/AndroidSDKS/platforms/android-31/android.jar!/" type="simple" />
            <root url="file://D:/AndroidSDKS/platforms/android-31/data/res" type="simple" />
          </root>
        </classPath>
        <javadocPath>
          <root type="composite">
            <root url="http://developer.android.com/reference/" type="simple" />
          </root>
        </javadocPath>
        <sourcePath>
          <root type="composite" />
        </sourcePath>
      </roots>
      <additional sdk="android-31" />
    </jdk>
  </component>
</application>