<application>
  <component name="ProjectManager">
    <defaultProject>
      <component name="AutoImportSettings">
        <option name="autoReloadType" value="NONE" />
      </component>
      <component name="PropertiesComponent">{
  &quot;keyToString&quot;: {
    &quot;settings.editor.selected.configurable&quot;: &quot;AndroidSdkUpdater&quot;
  }
}</component>
      <component name="TaskManager">
        <task active="true" id="Default" summary="Default task">
          <created>1768894980212</created>
          <option name="number" value="Default" />
          <option name="presentableId" value="Default" />
          <updated>1768894980212</updated>
        </task>
        <servers />
      </component>
      <component name="WindowStateProjectService">
        <state x="270" y="37" key="SettingsEditor" timestamp="1768895686711">
          <screen x="0" y="0" width="1536" height="816" />
        </state>
        <state x="270" y="37" key="SettingsEditor/0.0.1536.816" timestamp="1768895686711" />
      </component>
    </defaultProject>
  </component>
</application>