<application>
  <component name="Trusted.Paths">
    <option name="TRUSTED_PROJECT_PATHS">
      <map>
        <entry key="D:\Work\CommonUIDocuments\minimal" value="true" />
        <entry key="D:\Work\Nexa1024Projects\CUI" value="true" />
        <entry key="D:\Work\Nexa1024Projects\MiniCUI" value="true" />
        <entry key="D:\Work\Nexa1024Projects\MiniCui_V2" value="true" />
        <entry key="D:\Work\Nexa1024Projects\MinimalCommonUI" value="true" />
        <entry key="D:\Work\SynCoreProjects\commonui" value="true" />
        <entry key="D:\Work\TestProjects\CommonUIDocuments\minimal" value="true" />
        <entry key="D:\Work\TestProjects\DrawTest" value="true" />
        <entry key="D:\Work\TestProjects\QMUI_Android" value="true" />
      </map>
    </option>
  </component>
  <component name="Trusted.Paths.Settings">
    <option name="TRUSTED_PATHS">
      <list>
        <option value="D:\Work\SynCoreProjects" />
        <option value="D:\Work\TestProjects\CommonUIDocuments" />
        <option value="D:\Work\Nexa1024Projects" />
      </list>
    </option>
  </component>
</application>