<application>
  <component name="DimensionService">
    <location key="WELCOME_SCREEN.0.0.1920.1080@120dpi" x="960" y="429" />
    <location key="find.popup.0.0.1920.1080@120dpi" x="1015" y="128" />
    <location key="find.popup.0.-1080.1920.1080" x="665" y="-1080" />
    <size key="GridCell.Tab.0.left.0.0.1920.1080@120dpi" width="1818" height="299" />
    <size key="GridCell.Tab.0.center.0.0.1920.1080@120dpi" width="1818" height="299" />
    <size key="GridCell.Tab.0.right.0.0.1920.1080@120dpi" width="1818" height="299" />
    <size key="GridCell.Tab.0.bottom.0.0.1920.1080@120dpi" width="1818" height="299" />
    <size key="find.popup.0.0.1920.1080@120dpi" width="863" height="720" />
    <size key="find.popup.0.-1080.1920.1080" width="802" height="1032" />
    <size key="GridCell.Tab.1.left.0.0.1920.1080@120dpi" width="1818" height="299" />
    <size key="GridCell.Tab.1.center.0.0.1920.1080@120dpi" width="1818" height="299" />
    <size key="GridCell.Tab.1.right.0.0.1920.1080@120dpi" width="1818" height="299" />
    <size key="GridCell.Tab.1.bottom.0.0.1920.1080@120dpi" width="1818" height="299" />
  </component>
  <component name="WindowManager">
    <frame x="-9" y="-9" width="1938" height="1038" extendedState="6" />
  </component>
  <component name="WindowStateApplicationService">
    <state width="557" height="135" key="ShowUsagesActions.dimensionServiceKey" timestamp="1770362269959">
      <screen x="0" y="0" width="1536" height="816" />
    </state>
    <state width="557" height="135" key="ShowUsagesActions.dimensionServiceKey/0.0.1536.816" timestamp="1770362269959" />
    <state x="768" y="411" width="1550" height="830" key="WELCOME_SCREEN" timestamp="1770799344121">
      <screen x="0" y="0" width="1536" height="816" />
    </state>
    <state x="768" y="411" width="1550" height="830" key="WELCOME_SCREEN/0.0.1536.816" timestamp="1770799344121" />
    <state x="960" y="-561" width="1936" height="1048" key="WELCOME_SCREEN/0.0.1536.816/0.-1080.1920.1032" timestamp="1769334033004" />
    <state x="273" y="295" key="ide.config.custom.settings" timestamp="1768894233114">
      <screen x="0" y="0" width="1536" height="816" />
    </state>
    <state x="273" y="295" key="ide.config.custom.settings/0.0.1536.816" timestamp="1768894233114" />
  </component>
</application>